email,password
abhinn1,test
abhinn2,test
abhinn3,test
abhinn4,test
abhinn5,test
abhinn6,test
abhinn7,test
abhinn8,test
abhinn9,test
abhinn10,test
abhinn11,test
abhinn12,test
abhinn13,test
abhinn14,test
abhinn15,test
abhinn16,test
abhinn17,test
abhinn18,test
abhinn19,test
abhinn20,test
abhinn21,test
abhinn22,test
abhinn23,test
abhinn24,test
abhinn25,test
abhinn26,test
abhinn27,test
abhinn28,test
abhinn29,test
abhinn30,test
abhinn31,test
abhinn32,test
abhinn33,test
abhinn34,test
abhinn35,test
abhinn36,test
abhinn37,test
abhinn38,test
abhinn39,test
abhinn40,test
abhinn41,test
abhinn42,test
abhinn43,test
abhinn44,test
abhinn45,test
abhinn46,test
abhinn47,test
abhinn48,test
abhinn49,test
abhinn50,test
abhinn51,test
abhinn52,test
abhinn53,test
abhinn54,test
abhinn55,test
abhinn56,test
abhinn57,test
abhinn58,test
abhinn59,test
abhinn60,test
abhinn61,test
abhinn62,test
abhinn63,test
abhinn64,test
abhinn65,test
abhinn66,test
abhinn67,test
abhinn68,test
abhinn69,test
abhinn70,test
abhinn71,test
abhinn72,test
abhinn73,test
abhinn74,test
abhinn75,test
abhinn76,test
abhinn77,test
abhinn78,test
abhinn79,test
abhinn80,test
abhinn81,test
abhinn82,test
abhinn83,test
abhinn84,test
abhinn85,test
abhinn86,test
abhinn87,test
abhinn88,test
abhinn89,test
abhinn90,test
abhinn91,test
abhinn92,test
abhinn93,test
abhinn94,test
abhinn95,test
abhinn96,test
abhinn97,test
abhinn98,test
abhinn99,test
abhinn100,test
abhinn101,test
abhinn102,test
abhinn103,test
abhinn104,test
abhinn105,test
abhinn106,test
abhinn107,test
abhinn108,test
abhinn109,test
abhinn110,test
abhinn111,test
abhinn112,test
abhinn113,test
abhinn114,test
abhinn115,test
abhinn116,test
abhinn117,test
abhinn118,test
abhinn119,test
abhinn120,test
abhinn121,test
abhinn122,test
abhinn123,test
abhinn124,test
abhinn125,test
abhinn126,test
abhinn127,test
abhinn128,test
abhinn129,test
abhinn130,test
abhinn131,test
abhinn132,test
abhinn133,test
abhinn134,test
abhinn135,test
abhinn136,test
abhinn137,test
abhinn138,test
abhinn139,test
abhinn140,test
abhinn141,test
abhinn142,test
abhinn143,test
abhinn144,test
abhinn145,test
abhinn146,test
abhinn147,test
abhinn148,test
abhinn149,test
abhinn150,test
abhinn151,test
abhinn152,test
abhinn153,test
abhinn154,test
abhinn155,test
abhinn156,test
abhinn157,test
abhinn158,test
abhinn159,test
abhinn160,test
abhinn161,test
abhinn162,test
abhinn163,test
abhinn164,test
abhinn165,test
abhinn166,test
abhinn167,test
abhinn168,test
abhinn169,test
abhinn170,test
abhinn171,test
abhinn172,test
abhinn173,test
abhinn174,test
abhinn175,test
abhinn176,test
abhinn177,test
abhinn178,test
abhinn179,test
abhinn180,test
abhinn181,test
abhinn182,test
abhinn183,test
abhinn184,test
abhinn185,test
abhinn186,test
abhinn187,test
abhinn188,test
abhinn189,test
abhinn190,test
abhinn191,test
abhinn192,test
abhinn193,test
abhinn194,test
abhinn195,test
abhinn196,test
abhinn197,test
abhinn198,test
abhinn199,test
abhinn200,test
abhinn201,test
abhinn202,test
abhinn203,test
abhinn204,test
abhinn205,test
abhinn206,test
abhinn207,test
abhinn208,test
abhinn209,test
abhinn210,test
abhinn211,test
abhinn212,test
abhinn213,test
abhinn214,test
abhinn215,test
abhinn216,test
abhinn217,test
abhinn218,test
abhinn219,test
abhinn220,test
abhinn221,test
abhinn222,test
abhinn223,test
abhinn224,test
abhinn225,test
abhinn226,test
abhinn227,test
abhinn228,test
abhinn229,test
abhinn230,test
abhinn231,test
abhinn232,test
abhinn233,test
abhinn234,test
abhinn235,test
abhinn236,test
abhinn237,test
abhinn238,test
abhinn239,test
abhinn240,test
abhinn241,test
abhinn242,test
abhinn243,test
abhinn244,test
abhinn245,test
abhinn246,test
abhinn247,test
abhinn248,test
abhinn249,test
abhinn250,test
abhinn251,test
abhinn252,test
abhinn253,test
abhinn254,test
abhinn255,test
abhinn256,test
abhinn257,test
abhinn258,test
abhinn259,test
abhinn260,test
abhinn261,test
abhinn262,test
abhinn263,test
abhinn264,test
abhinn265,test
abhinn266,test
abhinn267,test
abhinn268,test
abhinn269,test
abhinn270,test
abhinn271,test
abhinn272,test
abhinn273,test
abhinn274,test
abhinn275,test
abhinn276,test
abhinn277,test
abhinn278,test
abhinn279,test
abhinn280,test
abhinn281,test
abhinn282,test
abhinn283,test
abhinn284,test
abhinn285,test
abhinn286,test
abhinn287,test
abhinn288,test
abhinn289,test
abhinn290,test
abhinn291,test
abhinn292,test
abhinn293,test
abhinn294,test
abhinn295,test
abhinn296,test
abhinn297,test
abhinn298,test
abhinn299,test
abhinn300,test
abhinn301,test
abhinn302,test
abhinn303,test
abhinn304,test
abhinn305,test
abhinn306,test
abhinn307,test
abhinn308,test
abhinn309,test
abhinn310,test
abhinn311,test
abhinn312,test
abhinn313,test
abhinn314,test
abhinn315,test
abhinn316,test
abhinn317,test
abhinn318,test
abhinn319,test
abhinn320,test
abhinn321,test
abhinn322,test
abhinn323,test
abhinn324,test
abhinn325,test
abhinn326,test
abhinn327,test
abhinn328,test
abhinn329,test
abhinn330,test
abhinn331,test
abhinn332,test
abhinn333,test
abhinn334,test
abhinn335,test
abhinn336,test
abhinn337,test
abhinn338,test
abhinn339,test
abhinn340,test
abhinn341,test
abhinn342,test
abhinn343,test
abhinn344,test
abhinn345,test
abhinn346,test
abhinn347,test
abhinn348,test
abhinn349,test
abhinn350,test
abhinn351,test
abhinn352,test
abhinn353,test
abhinn354,test
abhinn355,test
abhinn356,test
abhinn357,test
abhinn358,test
abhinn359,test
abhinn360,test
abhinn361,test
abhinn362,test
abhinn363,test
abhinn364,test
abhinn365,test
abhinn366,test
abhinn367,test
abhinn368,test
abhinn369,test
abhinn370,test
abhinn371,test
abhinn372,test
abhinn373,test
abhinn374,test
abhinn375,test
abhinn376,test
abhinn377,test
abhinn378,test
abhinn379,test
abhinn380,test
abhinn381,test
abhinn382,test
abhinn383,test
abhinn384,test
abhinn385,test
abhinn386,test
abhinn387,test
abhinn388,test
abhinn389,test
abhinn390,test
abhinn391,test
abhinn392,test
abhinn393,test
abhinn394,test
abhinn395,test
abhinn396,test
abhinn397,test
abhinn398,test
abhinn399,test
abhinn400,test
abhinn401,test
abhinn402,test
abhinn403,test
abhinn404,test
abhinn405,test
abhinn406,test
abhinn407,test
abhinn408,test
abhinn409,test
abhinn410,test
abhinn411,test
abhinn412,test
abhinn413,test
abhinn414,test
abhinn415,test
abhinn416,test
abhinn417,test
abhinn418,test
abhinn419,test
abhinn420,test
abhinn421,test
abhinn422,test
abhinn423,test
abhinn424,test
abhinn425,test
abhinn426,test
abhinn427,test
abhinn428,test
abhinn429,test
abhinn430,test
abhinn431,test
abhinn432,test
abhinn433,test
abhinn434,test
abhinn435,test
abhinn436,test
abhinn437,test
abhinn438,test
abhinn439,test
abhinn440,test
abhinn441,test
abhinn442,test
abhinn443,test
abhinn444,test
abhinn445,test
abhinn446,test
abhinn447,test
abhinn448,test
abhinn449,test
abhinn450,test
abhinn451,test
abhinn452,test
abhinn453,test
abhinn454,test
abhinn455,test
abhinn456,test
abhinn457,test
abhinn458,test
abhinn459,test
abhinn460,test
abhinn461,test
abhinn462,test
abhinn463,test
abhinn464,test
abhinn465,test
abhinn466,test
abhinn467,test
abhinn468,test
abhinn469,test
abhinn470,test
abhinn471,test
abhinn472,test
abhinn473,test
abhinn474,test
abhinn475,test
abhinn476,test
abhinn477,test
abhinn478,test
abhinn479,test
abhinn480,test
abhinn481,test
abhinn482,test
abhinn483,test
abhinn484,test
abhinn485,test
abhinn486,test
abhinn487,test
abhinn488,test
abhinn489,test
abhinn490,test
abhinn491,test
abhinn492,test
abhinn493,test
abhinn494,test
abhinn495,test
abhinn496,test
abhinn497,test
abhinn498,test
abhinn499,test
abhinn500,test
abhinn501,test
abhinn502,test
abhinn503,test
abhinn504,test
abhinn505,test
abhinn506,test
abhinn507,test
abhinn508,test
abhinn509,test
abhinn510,test
abhinn511,test
abhinn512,test
abhinn513,test
abhinn514,test
abhinn515,test
abhinn516,test
abhinn517,test
abhinn518,test
abhinn519,test
abhinn520,test
abhinn521,test
abhinn522,test
abhinn523,test
abhinn524,test
abhinn525,test
abhinn526,test
abhinn527,test
abhinn528,test
abhinn529,test
abhinn530,test
abhinn531,test
abhinn532,test
abhinn533,test
abhinn534,test
abhinn535,test
abhinn536,test
abhinn537,test
abhinn538,test
abhinn539,test
abhinn540,test
abhinn541,test
abhinn542,test
abhinn543,test
abhinn544,test
abhinn545,test
abhinn546,test
abhinn547,test
abhinn548,test
abhinn549,test
abhinn550,test
abhinn551,test
abhinn552,test
abhinn553,test
abhinn554,test
abhinn555,test
abhinn556,test
abhinn557,test
abhinn558,test
abhinn559,test
abhinn560,test
abhinn561,test
abhinn562,test
abhinn563,test
abhinn564,test
abhinn565,test
abhinn566,test
abhinn567,test
abhinn568,test
abhinn569,test
abhinn570,test
abhinn571,test
abhinn572,test
abhinn573,test
abhinn574,test
abhinn575,test
abhinn576,test
abhinn577,test
abhinn578,test
abhinn579,test
abhinn580,test
abhinn581,test
abhinn582,test
abhinn583,test
abhinn584,test
abhinn585,test
abhinn586,test
abhinn587,test
abhinn588,test
abhinn589,test
abhinn590,test
abhinn591,test
abhinn592,test
abhinn593,test
abhinn594,test
abhinn595,test
abhinn596,test
abhinn597,test
abhinn598,test
abhinn599,test
abhinn600,test
abhinn601,test
abhinn602,test
abhinn603,test
abhinn604,test
abhinn605,test
abhinn606,test
abhinn607,test
abhinn608,test
abhinn609,test
abhinn610,test
abhinn611,test
abhinn612,test
abhinn613,test
abhinn614,test
abhinn615,test
abhinn616,test
abhinn617,test
abhinn618,test
abhinn619,test
abhinn620,test
abhinn621,test
abhinn622,test
abhinn623,test
abhinn624,test
abhinn625,test
abhinn626,test
abhinn627,test
abhinn628,test
abhinn629,test
abhinn630,test
abhinn631,test
abhinn632,test
abhinn633,test
abhinn634,test
abhinn635,test
abhinn636,test
abhinn637,test
abhinn638,test
abhinn639,test
abhinn640,test
abhinn641,test
abhinn642,test
abhinn643,test
abhinn644,test
abhinn645,test
abhinn646,test
abhinn647,test
abhinn648,test
abhinn649,test
abhinn650,test
abhinn651,test
abhinn652,test
abhinn653,test
abhinn654,test
abhinn655,test
abhinn656,test
abhinn657,test
abhinn658,test
abhinn659,test
abhinn660,test
abhinn661,test
abhinn662,test
abhinn663,test
abhinn664,test
abhinn665,test
abhinn666,test
abhinn667,test
abhinn668,test
abhinn669,test
abhinn670,test
abhinn671,test
abhinn672,test
abhinn673,test
abhinn674,test
abhinn675,test
abhinn676,test
abhinn677,test
abhinn678,test
abhinn679,test
abhinn680,test
abhinn681,test
abhinn682,test
abhinn683,test
abhinn684,test
abhinn685,test
abhinn686,test
abhinn687,test
abhinn688,test
abhinn689,test
abhinn690,test
abhinn691,test
abhinn692,test
abhinn693,test
abhinn694,test
abhinn695,test
abhinn696,test
abhinn697,test
abhinn698,test
abhinn699,test
abhinn700,test
abhinn701,test
abhinn702,test
abhinn703,test
abhinn704,test
abhinn705,test
abhinn706,test
abhinn707,test
abhinn708,test
abhinn709,test
abhinn710,test
abhinn711,test
abhinn712,test
abhinn713,test
abhinn714,test
abhinn715,test
abhinn716,test
abhinn717,test
abhinn718,test
abhinn719,test
abhinn720,test
abhinn721,test
abhinn722,test
abhinn723,test
abhinn724,test
abhinn725,test
abhinn726,test
abhinn727,test
abhinn728,test
abhinn729,test
abhinn730,test
abhinn731,test
abhinn732,test
abhinn733,test
abhinn734,test
abhinn735,test
abhinn736,test
abhinn737,test
abhinn738,test
abhinn739,test
abhinn740,test
abhinn741,test
abhinn742,test
abhinn743,test
abhinn744,test
abhinn745,test
abhinn746,test
abhinn747,test
abhinn748,test
abhinn749,test
abhinn750,test
abhinn751,test
abhinn752,test
abhinn753,test
abhinn754,test
abhinn755,test
abhinn756,test
abhinn757,test
abhinn758,test
abhinn759,test
abhinn760,test
abhinn761,test
abhinn762,test
abhinn763,test
abhinn764,test
abhinn765,test
abhinn766,test
abhinn767,test
abhinn768,test
abhinn769,test
abhinn770,test
abhinn771,test
abhinn772,test
abhinn773,test
abhinn774,test
abhinn775,test
abhinn776,test
abhinn777,test
abhinn778,test
abhinn779,test
abhinn780,test
abhinn781,test
abhinn782,test
abhinn783,test
abhinn784,test
abhinn785,test
abhinn786,test
abhinn787,test
abhinn788,test
abhinn789,test
abhinn790,test
abhinn791,test
abhinn792,test
abhinn793,test
abhinn794,test
abhinn795,test
abhinn796,test
abhinn797,test
abhinn798,test
abhinn799,test
abhinn800,test
abhinn801,test
abhinn802,test
abhinn803,test
abhinn804,test
abhinn805,test
abhinn806,test
abhinn807,test
abhinn808,test
abhinn809,test
abhinn810,test
abhinn811,test
abhinn812,test
abhinn813,test
abhinn814,test
abhinn815,test
abhinn816,test
abhinn817,test
abhinn818,test
abhinn819,test
abhinn820,test
abhinn821,test
abhinn822,test
abhinn823,test
abhinn824,test
abhinn825,test
abhinn826,test
abhinn827,test
abhinn828,test
abhinn829,test
abhinn830,test
abhinn831,test
abhinn832,test
abhinn833,test
abhinn834,test
abhinn835,test
abhinn836,test
abhinn837,test
abhinn838,test
abhinn839,test
abhinn840,test
abhinn841,test
abhinn842,test
abhinn843,test
abhinn844,test
abhinn845,test
abhinn846,test
abhinn847,test
abhinn848,test
abhinn849,test
abhinn850,test
abhinn851,test
abhinn852,test
abhinn853,test
abhinn854,test
abhinn855,test
abhinn856,test
abhinn857,test
abhinn858,test
abhinn859,test
abhinn860,test
abhinn861,test
abhinn862,test
abhinn863,test
abhinn864,test
abhinn865,test
abhinn866,test
abhinn867,test
abhinn868,test
abhinn869,test
abhinn870,test
abhinn871,test
abhinn872,test
abhinn873,test
abhinn874,test
abhinn875,test
abhinn876,test
abhinn877,test
abhinn878,test
abhinn879,test
abhinn880,test
abhinn881,test
abhinn882,test
abhinn883,test
abhinn884,test
abhinn885,test
abhinn886,test
abhinn887,test
abhinn888,test
abhinn889,test
abhinn890,test
abhinn891,test
abhinn892,test
abhinn893,test
abhinn894,test
abhinn895,test
abhinn896,test
abhinn897,test
abhinn898,test
abhinn899,test
abhinn900,test
abhinn901,test
abhinn902,test
abhinn903,test
abhinn904,test
abhinn905,test
abhinn906,test
abhinn907,test
abhinn908,test
abhinn909,test
abhinn910,test
abhinn911,test
abhinn912,test
abhinn913,test
abhinn914,test
abhinn915,test
abhinn916,test
abhinn917,test
abhinn918,test
abhinn919,test
abhinn920,test
abhinn921,test
abhinn922,test
abhinn923,test
abhinn924,test
abhinn925,test
abhinn926,test
abhinn927,test
abhinn928,test
abhinn929,test
abhinn930,test
abhinn931,test
abhinn932,test
abhinn933,test
abhinn934,test
abhinn935,test
abhinn936,test
abhinn937,test
abhinn938,test
abhinn939,test
abhinn940,test
abhinn941,test
abhinn942,test
abhinn943,test
abhinn944,test
abhinn945,test
abhinn946,test
abhinn947,test
abhinn948,test
abhinn949,test
abhinn950,test
abhinn951,test
abhinn952,test
abhinn953,test
abhinn954,test
abhinn955,test
abhinn956,test
abhinn957,test
abhinn958,test
abhinn959,test
abhinn960,test
abhinn961,test
abhinn962,test
abhinn963,test
abhinn964,test
abhinn965,test
abhinn966,test
abhinn967,test
abhinn968,test
abhinn969,test
abhinn970,test
abhinn971,test
abhinn972,test
abhinn973,test
abhinn974,test
abhinn975,test
abhinn976,test
abhinn977,test
abhinn978,test
abhinn979,test
abhinn980,test
abhinn981,test
abhinn982,test
abhinn983,test
abhinn984,test
abhinn985,test
abhinn986,test
abhinn987,test
abhinn988,test
abhinn989,test
abhinn990,test
abhinn991,test
abhinn992,test
abhinn993,test
abhinn994,test
abhinn995,test
abhinn996,test
abhinn997,test
abhinn998,test
abhinn999,test
abhinn1000,test
abhinn1001,test
